Символ,Код
\n\r,10100010100
\n ,11111000100010111011
\n(,11111000100000111100
\n1,101010000100100011
\n2,1111011011111010011
\n3,1010100001010100110
\n4,11111000100001111110
\nA,111110001001010000110
\nD,111110001001000001110
\nI,011001111010010
\nL,1010100001010101100
\nM,101010000100001011
\nO,111110001001011001100
\nP,111110001001001010001
\nV,000000110010111
\nX,10011001011100
\n[,111101101111000001
\n«,1110111010110
\nА,111001110000011
\nБ,10010011110111
\nВ,010110001011
\nГ,10101000010111
\nД,10111001000100
\nЕ,10001001110101001
\nЖ,0001001111110010
\nЗ,1100000000000001
\nИ,11100011101000
\nК,011101001111
\nЛ,1110101110000111
\nМ,110110111010000
\nН,001110110100
\nО,1100100111101
\nП,000000100010
\nР,10000001111101
\nС,11111000100111
\nТ,100001010101010
\nУ,1011110110111101
\nФ,00111111011001011
\nХ,111101101110100111
\nЦ,11111000100011110000
\nЧ,100010011100000
\nШ,101010000100010011
\nЭ,0101100000111110
\nЮ,11111000100000101101
\nЯ,011011010100101011
\nг,00000011000000010111
\nк,11111000100010001001
\n–,101010010
\n…,111110001001000101001
\r\n,11000001
" \r",00000011000000010011
"  ",11000011111100
" '",111110001001100010111
" (",011000101000
" )",1010100001011011001
" ,",101000000101011
" .",000100011001101
" 0",110100111000111100
" 1",0001101110111
" 2",101001111010011
" 3",000100111010111
" 4",1010011111101011
" 5",11100011110110001
" 6",0011111011111011
" 7",11100011110110010
" 8",0101100010100001
" 9",110100111000111010
" :",111110001001000001001
" ;",11111000100000010101
" ?",1111011011111000010
" A",11101110010010
" B",0010001010000
" C",01001010101010
" D",100101011101010
" E",1110101110001110
" F",1000100111000100
" G",1000100111001011
" H",11101011100011111
" I",011110111010000
" J",111110111111100
" K",11010011001101011
" L",10001001001101
" M",0111010000101
" N",00001011011101
" O",1000000100010100
" P",111110111111101
" Q",1000000100010000
" R",1011001001100010
" S",101110010001100
" T",0101100000111101
" U",10001100010010010
" V",111000000110100
" W",01100111101110010
" X",110100111000100000
" Z",1111011011110111100
" [",00010001101
" ]",111110001001001001010
" a",111001111000
" b",0110001010010
" c",01111011100
" d",11001000010
" e",111000001110
" f",1101111101110
" g",11011001100011
" h",01100011110001
" i",11000011001111
" j",1000100000011
" k",1111011011111000100
" l",10001111000
" m",01100010000
" n",010010101000
" o",111000000110101
" p",01110100110
" q",010111011001
" r",0100110010111
" s",101111011000
" t",1110011100001
" u",0011111011001
" v",101000101100
" w",1000000111111000
" x",11111000100011010100
" y",1000100111001001
" z",10100111111101110
" «",110000001100
" »",1011100100011110001
" А",1111110000
" Б",0111010001
" В",1011011100
" Г",101001110111
" Д",0110011111
" Е",100100111100
" Ж",0011000000000
" З",1010101011011
" И",10101011101
" Й",111110001001001100110
" К",0101000011
" Л",1110000001110
" М",0110001110
" Н",011100001
" О",1010101111
" П",1111011000
" Р",11011101110
" С",11101011101
" Т",10100111010
" У",1010001011110
" Ф",11100100101111
" Х",10110001011100
" Ц",1101001100110000
" Ч",100011000101
" Ш",10011001011111
" Щ",11111000100011011111
" Э",101100010100
" Ю",10100111111111000
" Я",00110000001
" а",1000111110
" б",0000000
" в",001010
" г",10100011
" д",11111110
" е",01111010
" ж",010110110
" з",01110101
" и",1100011
" й",1001010111101010
" к",1010010
" л",101110001
" м",10110100
" н",001001
" о",1101010
" п",001011
" р",01000101
" с",011010
" т",0100000
" у",01011010
" ф",10000101000
" х",1000111101
" ц",101000000100
" ч",11000010
" ш",11111000101
" щ",01011100011011
" ъ",00000011000000001100
" ь",111110001001100001100
" э",100011101
" ю",110000111111110
" я",1011010100
" ё",00000011000000001101
" –",01100101
" „",11010011001101111
" …",11111000100011001011
!\r,1010000001101
! ,0011111100
!!,101010000100100111
!),11111000100000111000
"!,",111110001001010111100
!.,111101101110111010
!?,111110001000111110111
!],101000000111110
!»,0011001101110
!…,10110001010101
&e,111110001000111111001
' ,111110001001010110111
'!,111110001001011111010
'A,00111111011000101
'E,0011111011111010
'O,111110001001101100100
'U,1111100010000000000
'a,0001101110110
'e,1010101011010
'h,0101100010100000
'i,010110000011000
'o,1101101110101111
'u,000100111011010
'y,111101101110100101
'а,1101001100100010
'в,111110001001010011100
'е,01100111101110001
'и,00111111011001110
'к,111110001001001001100
'н,011011010110010010
'о,1100000000000110
'т,11000000000011111
'у,110100111000100111
'ч,111110001001001111010
'ш,111110001001100001000
'ы,11111000100011000000
'ю,01101101010001110
'я,11111000100011110010
(L,111110001001100011101
(a,111110001000111111100
(c,111110001001010111011
(d,111110001001100110110
(g,111110001001000101100
(l,11111000100000011000
(m,1010100001011011011
(o,11111000100011001100
(«,11111000100000010100
(А,11111000100001010000
(Б,1111011011110110100
(В,1111011011111101010
(Г,111110001001101111001
(Д,11111000100011000100
(Е,111110001001010111010
(З,11111000100001001000
(К,101010000100101100
(М,1111011011111101000
(Н,011011010110011111
(О,00111111011000011
(П,110100111000001100
(Р,11111000100001010110
(С,1010100001010100000
(Ф,111110001001001011001
(Ш,111110001001010110001
(Э,1111100010000000101
(а,1010100001011001001
(б,11111000100000110001
(в,0001001111000111
(г,111101101110101101
(д,101001111111110111
(е,110100111000001110
(ж,11111000100010010111
(з,1111011011111100010
(и,00111111010001100
(к,000100111011011
(л,011011010100101010
(м,1111100010000000100
(н,11000000000011001
(о,101011101001000
(п,0110011110100110
(с,11000000110100011
(т,11001000011100100
(у,111101101111000111
(ф,111110001001010000011
(х,101010000100110001
(ч,111101101111010011
(ш,111110001001000101101
(э,10001001110101110
(я,111110001001000100001
)\r,10100111111110000
) ,1000000100110
)!,111110001001100100111
"),",11011011000000
).,1110101110000001
):,11111000100001001100
);,110100111000010110
)],11111000100001111111
)»,11111000100010111110
**,11111000100000111110
*.,111110001001010001101
",\r",0110011110110010
", ",111100
",[",111110001001000010000
",]",1001010110101
",e",1010100001010111111
",q",111110001001101001000
",v",111110001001010010110
",а",111110001001010111000
",д",111110001001100010101
",е",111110001001011110100
",и",1010100001011010011
",к",111110001001101101001
",н",11111000100001000001
",с",1011000101011000000
",т",11111000100010110011
",ч",110100111000011111
.\r,01001001
. ,11111101
.),001100000000110
".,",1000000111111001
..,10001001110110011
.0,1010100001001111010
.D,111110001001001110001
.E,111110001001000001111
.M,111110001001010100011
.N,111110001001101110011
.S,11111000100010100100
.],0101110001000
.Б,111110001001001111001
.В,11111000100011011110
.И,111110001001101100110
.Н,11111000100001111100
.О,11111000100011101101
.С,111110001001100000010
.У,111110001001011100000
.в,111110001001011011000
.д,1010100001010001010
.к,111110001001010110101
.р,111110001001001100000
.с,11111000100000100000
0 ,11000000110101
0!,111110001001001101110
"0,",011011010110001010
0.,11111000100010011111
00,011101001010001
05,11100111000001001
06,101010000100100000
07,1010100001010010111
08,11111000100001110010
09,111101101110111001
0–,111110001001010110011
1\r,1111011011111101101
1 ,11010011001110000
1),011011010100110010
"1,",111110001001010111001
1.,111110001001011101110
10,1111011010110111
11,1111011011111111000
12,00111111010011100
13,011011010100100011
14,1111011011111010010
15,10100111111100110
16,101010000100110101
17,1111011011111110110
18,101101111000011
19,110100111000101100
2\r,111110001001100101111
2 ,1000000100011010
2),011011010110001001
20,11010011001111100
21,011011010110010110
22,111110001001000101111
23,11111000100010111100
24,1111100010000000110
25,1111011011111010101
26,111110001001000000100
27,1010100001011001100
28,1010100001001110000
3 ,1110001111000111
3),011011010100100000
30,11010011001111101
31,11111000100001101001
3а,00000011000000000110
3д,111110001001011000110
4 ,0001001111000110
4),11111000100000110000
4.,00010011111100110101
40,10001001110110010
43,1111011011111001100
5 ,000000110011001
5),00000011000000011100
50,10001001110111110
54,111110001001010011101
6 ,1101001010110001
6),111110001001100010010
6.,111110001001000110110
60,101001111111111110
68,1010100001010011000
7 ,0101110100110001
7),111110001001100010000
70,101010000100001110
73,1010100001010110010
8 ,0101100000111010
80,100010010011110
81,1111011011111001111
86,111101101111000010
87,1010100001011011111
88,011011010100111001
9 ,1001010111010111
:\r,11001001100001
: ,01100010111
:],011011010110010111
;\r,11111000100010010010
; ,11011001101
;],1010100001010010110
;q,111110001001101100001
?\r,000110111010
? ,0100101011
?!,01100111101110000
?.,11111000100011100101
?],1111011010111000
?u,11111000100000100001
?»,10001001000101
?Д,111110001001011111101
?“,1010100001010001100
?…,01110000010110
A ,110100111000101101
A!,11111000100010001101
A?,111110001001001011000
AI,111110001001011101000
Ab,111110001001001101010
Ac,111110001001000000101
Ad,110100111000110000
Ah,1100100111100001
Al,11010011001111000
Am,11111000100001010100
An,011101001010010
Ap,111101101111010001
Ar,1011000101011000010
At,1111011011110110111
Au,11100111000001010
Av,111110001001010100010
Ax,1111011011110110110
Ay,111110001001001110101
Aн,111110001001000100000
BT,111110001001011010111
Ba,00111111011001111
Be,110100111000101110
Bi,11111000100001010010
Bo,11010001011101
Br,1010100001011001011
Bu,101010000100011110
Bи,111110001001011011101
Bо,111110001001100110100
C',1111011010111111
Ca,011011010110011010
Ce,11110110111000110
Ch,11000000110100010
Co,11100011110110101
Da,011011010100011110
De,00111111010011000
Di,1100100110100111
Do,101010000100011010
Du,110100111000011000
Ec,111110001001101001001
Eh,101010000100000101
El,1111011011111111111
Em,11100011110110011
En,1010100001011011100
Er,00000011000000000011
Et,0011111101000001
Eu,11111000100011000101
Ev,111110001001011100011
Fa,111110001001010100100
Fe,110100111000000011
Fi,11111000100001011011
Fl,101010000100010001
Fo,111110001001100011010
Fr,1111011011111110000
Fu,111110001001010000010
Ge,0101100000111011
Gl,111110001001100110011
Go,00010011111100110011
Gr,111110001001010010100
Ha,111110001000111101011
He,011011010100011111
Hi,11111000100010000010
Ho,1111011011111110010
Hy,11111000100000010001
Hа,111110001001001010000
Hе,111110001001001110010
I\r,11000011001100
I ,11000000000011011
"I,",11111000100000011001
II,11010011000110
IV,0001001110111011
IX,11010011001111110
Ii,111110001001101011100
Il,1111011010110110
Iv,111110001000111110101
J',10100111111100010
J`,111110001001001010010
Ja,11111000100001100110
Je,101110010001010
Jo,111110001001000000001
Ju,101010000100011011
Ka,1010100001011000101
Ko,00111111011000010
Kr,11111000100010100001
L',00111111010010010
La,11110110111010001
Le,101100010111111
Li,0001001110111100
Lo,1111011011111011001
Lu,1111011011111111011
M ,0101100010100100
M.,110100111000100100
Ma,10110001010100
Me,101010000100011111
Mi,1010100001010110000
Mo,100000010000110
Mu,11111000100001101101
Mы,111110001001101010100
N ,11111000100001010101
N',1111011011111010000
N.,1111011011110110101
NN,11111000100011010010
Na,01100111101111011
Ne,1010100001001111111
Ni,11110110111001110
No,1101101110100110
Oe,111110001001011001101
Oh,110111100100101100
Ol,111110001001101100111
On,10100111111101010
Ou,11111000100000111001
Oн,111110001001101011010
P.,111110001001011001111
PS,111110001001000101110
Pa,1111011011111001010
Pe,11100011110101100
Pi,10001001110101000
Po,00111111010011111
Pr,1010011110100101
Pu,11111000100000110010
Qu,1001010111010110
Ra,11111000100001011110
Ri,11111000100001100100
Ro,10001001110101111
Ru,01100111101111000
S ,111110001001010010101
S.,101010000100010101
SS,11111000100001010011
Sa,10001100010010000
Sc,11000000110100000
Sh,00010011111100110010
Si,00111111010011110
So,11100011110111110
Su,111110001000111101100
T.,111110001001010001100
Ta,11111000100010101001
Te,11111000100000110100
Th,1010100001011010101
To,10100111111101000
Tr,1010100001010011101
Tu,111110001001100110001
TО,00000011000000000100
Uf,111110001001001100010
Ul,1010100001011001111
Un,00111111010011001
Ur,1010100001010111110
V\r,000100111010001
V ,111110001001011110110
V.,11111000100010111001
VI,101110010001011
V],111110001000111110001
Ve,011011010100100110
Vi,10100111111110011
Vo,100100100010001
Vr,11111000100000011010
Wa,11111000100011011000
We,1111011011111100011
Wi,011011010100111000
X\r,1100100110100110
XI,101001111101101
XV,010110000011010
XX,1001010111011001
Xa,111110001001000010011
Ze,111110001001101101101
Zo,111110001001100101010
Zu,11111000100011101011
[A,111110001001101011101
[B,111110001001000000011
[«,00000011000000010000
[А,1010011111101001
[Б,1010011111100100
[В,1110101110000000
[Г,101010000100100101
[Д,0110011110101000
[Е,01100111101101111
[Ж,111110001001101010011
[З,101010000100000111
[И,10100111111100001
[К,1001010111011000
[Л,11111000100001100111
[М,0011111011111100
[Н,100101011100100
[О,010110000011001
[П,000000110011000
[Р,101010000100101111
[С,10001100010010011
[Т,110100110011111111
[У,110100111000000101
[Ф,111110001001101101000
[Х,1010100001010111010
[Ч,01100111101110011
[Э,1000100111001101
[Я,1010000001010100
[а,111110001001100011100
[б,01100111101111001
[в,0011111011111110
[г,1111011011111100101
[д,01101101010000111
[ж,11111000100011101000
[з,11111000100010110111
[и,101001111111110101
[к,00111111010010110
[л,1111100010000000011
[м,1100000000001001
[н,11000000000010111
[о,111101101110101100
[п,11100011110111100
[р,11111000100001011101
[с,0001001110111000
[т,1010100001010010010
[у,1010100001011001101
[ф,111110001001101100000
[х,111110001001010110010
[ч,1011000101011000011
[щ,111110001000111101110
[э,00000011000000000000
[„,111110001001011110111
]\r,11110101111001
] ,101010011011
]),111110001001010100000
"],",1010011111101100
].,110100111000101011
];,00000011000000011110
]?,111110001001100000110
`a,111110001001000011011
`i,111110001001101001011
`а,111110001001100111100
`з,111110001001101010101
`о,11111000100010011010
`у,111110001001001011100
a ,00010001110
a!,111110001001100011111
"a,",0011111011111111
a.,101010000100100110
a?,111110001001000010010
ab,111000000110011
ac,101001111101110
ad,100000011111101
ae,11111000100001010001
af,11100011110101111
ag,00001011011011
ah,011011010110001000
ai,110010000110
aj,11111000100001000110
ak,110100111000011110
al,11100100101110
am,11100111000111
an,011110110100
ap,100100100010000
aq,10100111111110100
ar,1111011010100
as,0111101110101
at,10101010111010
au,1010111100101
av,10111101010111
ax,111110001001101110001
ay,101010000100001001
az,1111011011111110100
a»,1010011110100100001
aл,111110001001101001100
aм,111110001000111111111
aн,111110001001100111000
a…,11111000100010111111
b ,1111011011110111000
b),111110001001101101011
ba,1111011010111101
bb,111110001001001111111
bc,11111000100000011101
be,110100110010000
bi,101011101001110
bl,01011000000111
bo,111001111111100
br,1110001111001101
bs,111101101110111100
bu,11111000100001110111
c ,001100000001011
c',100000010000000
"c,",111110001001100100011
ca,00111110110110
cc,11100011110111111
cd,111110001001000111000
ce,010001110111
ch,010111011111
ci,101100010111110
ck,111101101110111110
cl,00111111010010111
cn,111110001001001110110
co,001111101001
cq,101010000100101010
cr,011001111010001
ct,1001010111011100
cu,1100000000000000
cy,111110001001101100010
cв,111110001001100100101
cк,11111000100001001110
cл,11111000100000010011
cо,11111000100011011001
cт,11111000100010011011
cь,111110001001101011011
c…,11111000100000011110
d ,110000111111101
d!,111110001001100101000
d',01011000000101
d),111110001001010011111
"d,",10100111111110010
d.,11111000100011011010
d?,11111000100000111101
dI,111110001001000001101
da,01011000001000
de,01110001100
di,11100100101101
dl,111110001001001111110
dm,1111011011111010100
do,111101011001101
dr,01100111100010
ds,01101101010000011
du,01011000001001
dz,111110001001010010011
d“,111110001001100100010
e\r,1010100001011011000
e ,010110111
e!,011101001000111
e',11111000100001110011
e),111010111000111100
"e,",101010011010
e.,0000001100111
e:,1111011011111000011
e;,110100111000010001
e?,1110101110000010
eM,011011010100110011
ea,000000110010101
eb,101010000100001010
ec,11011011000010
ed,11100011110100110
ee,00000011110111
ef,1001010111100011
eg,000000110011011
eh,011011010100100100
ei,10011001011101
ej,110100111000010010
ek,111110001001001101001
el,1000000100101
em,0110001010011
en,10100000000
eo,0011111011110100
ep,100001010101100
eq,11111000100010001010
er,01011101110
es,10110111101
et,110010011011
eu,001000100100
ev,111000000110110
ew,111110001001011011001
ex,001111101110010
ez,1000100000100
e«,111110001001010011000
e»,0101100000111111
eг,111110001001101110111
eр,00000011000000000101
eх,111110001001100101011
e“,11111000100000101000
e„,111110001001010101010
e…,1100100110101110
f ,11010011001101001
"f,",110100111000101000
f.,011011010110000000
f?,11111000100001110001
fa,11011011000011
fe,111000111100010
ff,011101001010000
fi,110010011010000
fl,101010000100101110
fo,101000101101001
fr,1000000100001110
fs,1011000101011000100
ft,1011100100011110010
fu,111101101110110000
f…,111110001001010111101
g ,01101101010001001
g!,111110001001001011010
"g,",1010100001010101000
g.,011011010110010101
ga,1110001111001001
ge,0001001111100
gi,11100011110101011
gl,110100111000001000
gn,1001010111100010
go,110100110011111110
gr,101001111101111
gs,010010101011111011
gt,11111000100011100000
gu,010110000010110
g…,111110001001011011100
h ,1001010111101000
h!,1001010111011111
"h,",11010011001110011
h?,111110001001000011001
ha,01111011101110
he,1101101100011
hg,111110001001011111001
hi,010010101011100
hk,111110001001000111100
hl,1010100001010001011
hn,11111000100000111111
ho,01110100100000
hr,110111100100101101
ht,10100111101001001
hu,11100011110101110
hw,111110001001100000011
hа,10100111101001000000
h…,11111000100010011100
i ,1101111001110
i!,1010100001010000001
"i,",110000111111111
i.,11010011001110111
i;,1010100001011010001
i?,11111000100001011111
ia,1100100110101011
ib,1110001111010001
ic,10110001010111
id,010010101011110
ie,111110111100
if,11010010101100000
ig,1110001111010000
ih,00000011000000011101
ii,111110001001100001011
ik,11111000100001101100
il,1011001001101
im,111001111111101
in,010001111010
io,111101101010101
ip,111101101110101110
iq,1010011111101101
ir,1010101011100
is,100011111101
it,001111101000
iv,100010010011100
ix,11111000100010010011
iz,11111000100010111000
i…,1111011011111010001
j',0101100010100101
ja,1000000100010111
je,11101110101001
jo,000000111101100
ju,1011100100011110000
k ,11111000100010100110
"k,",1011000101011000001
k.,11111000100010000001
ka,111110001001011000011
ke,01000111110100000
ki,1010100001010001110
ko,101010000100011100
ks,11110110111001111
kt,11111000100000010111
ky,1111011011111100100
l ,0101110100111
l!,111110001001100111001
l',11101110010011
"l,",11000000000011100
l.,1010100001010111000
l;,111110001001101100011
l?,111110001001001101111
la,010001110000
lb,11111000100001101111
lc,11111000100011010101
ld,101010000100001100
le,10001100011
lg,011011010100111110
lh,101010000100001111
li,11000000110111
lk,00000011000000001000
ll,000000111110
lm,110100111000011001
lo,011001111010000
lp,111110001001101110100
lq,00111111011000110
lr,111110001001000101010
ls,1000100111001110
lt,10100111111110111
lu,10100000010100
ly,11111000100001001001
l»,111110001001000011010
lе,111110001001011010001
m ,10111001000011
m',1111011010110011
m),111110001001100100000
"m,",11111000100001110101
m.,111110001001101110000
ma,1110111010101
mb,0110011110101011
me,110000110010
mi,10111101101011
mm,0000101101011
mo,1101001010101
mp,01110100100010
ms,111110001000111110010
mt,1110001111000110
mu,101010000100100001
my,1010100001001111101
mе,1010100001010100100
mр,111110001001101010001
m…,11111000100010011000
n\r,111110001001101010000
n ,111111000110
n!,011011010110011110
n',110010111010111
"n,",11001001100010
n.,1000000100010010
n;,1111011011111101001
n?,110100111000010100
na,00000011001000
nb,1111011011111011011
nc,0011101101010
nd,1001100101101
ne,111011101110
nf,0110011110101101
ng,1101101110101000
nh,110100111000100101
ni,01111011010101
nj,011011010110001101
nk,101010000100101001
nl,1111011011111110001
nn,1101001010111
no,0011101101011
nq,101010000100000011
nr,110100111000011011
ns,1100001110100
nt,101100100111
nu,1001010111101001
nv,11010011001101110
ny,111110001001011110011
nz,1010100001010100011
n»,11111000100001011001
nс,111110001001100001001
nф,111110001001101101100
n…,111101101110111011
o ,00111111010011010
"o,",11111000100010100000
o.,1010100001011000100
o:,111110001001010000100
oS,111110001001010111111
ob,10100111111100000
oc,1100100111100011
od,1010100001010101111
oe,1000100111001100
of,1000100111010010
og,00111111010010011
oh,11111000100010001011
oi,1100101110001
oj,11111000100000010010
ok,11111000100001000100
ol,01100111100001
om,1010110000101
on,01100010001
op,1000000100011101
or,0000101101010
os,10001001000100
ot,10010011110110
ou,10110101010
ov,01101101010000110
ow,11111000100011101100
oy,1101001100101101
oг,111110001001101101010
oй,111110001001001000001
oл,111110001001101011110
oн,1010100001010110101
oт,111110001001010100110
oш,111110001001100111111
o…,11111000100011100110
p ,10001001110101010
"p,",11111000100001100000
pa,1110010010101
pe,1000110001000
pf,111110001001101000100
ph,01101101010000100
pi,1011110110111111
pl,01011101111010
po,1000010100101
pp,0110011110101001
pr,0110010011010
ps,01101101010000000
pt,011011010100111010
pu,010110000010111
pе,1010100001010110001
pи,111110001001000010100
pу,111110001001100001010
p…,111110001001011101111
qu,101010011001
r ,100100111000
r!,11000000110100110
r),111110001001100001110
"r,",01010000010011
r.,001111101111000
r:,11111000100001111001
r;,1010100001010010000
r?,11111000100011001000
ra,000000111111
rb,011011010100101110
rc,1100000000000100
rd,101100010111100
re,10110110011
rf,011011010110000010
rg,001100000001001
rh,00000011000000001001
ri,100010011110
rl,1011000101011001
rm,110000111111010
ro,0001001111111
rp,1010100001001101110
rq,111101101110110001
rr,00110000000010
rs,01010000010010
rt,11001001111001
ru,101100010111011
rv,10001001110111111
ry,111110001001001101101
rz,111110001001000000110
r»,011011010110010000
rе,11111000100011100111
r…,11111000100000100110
s ,0101110000
s!,10001100010010101
s',1001010111101011
s),1111011011111110101
"s,",0000001111010
s.,01011101001101
s:,1111011011110111101
s;,101010000100010010
s?,11110110111001000
sa,10111101101100
sb,10001001110111100
sc,1101101110100100
sd,111110001001010011110
se,100100111001
sf,111110001001100100110
sg,111110001001100000111
sh,00111111011000001
si,1000100001000
sk,110100111000101010
sm,1111011011111010111
so,0011000000011
sp,1011001001100100
sq,1111100010000000010
ss,1001010110100
st,1110111011110
su,00001011011010
sw,111110001001010000000
s»,1111011011111100001
s…,111101101110101010
t ,10111111011
t!,1010100001011001000
t&,111110001001001011110
t',1010100001010100001
"t,",00010001100100
t.,000000110010110
t;,11111000100000101111
t?,011011010110010100
ta,10010101101111
te,111011100101
tg,111110001001010101000
th,0101100000111000
ti,0101110001001
tl,111110001001011100100
tm,111110001001011100001
tn,11111000100011001001
to,11011110011111
tp,111110001001001000101
tr,1111010110010
ts,010111011110111
tt,10101110100011
tu,1101001100101110
ty,11111000100010001000
tz,10100111111011101
t»,1010100001010000000
t…,11010011001111001
u ,1001001111010
u!,011011010110001011
u',110010111010010
"u,",1001010111011101
u.,11111000100011010111
u;,111110001001010000101
u?,111110001001011101010
ua,0001001111000010
ub,11010011001111011
uc,1101111001001000
ud,11011110010010111
ue,011101001110
uf,00111111011001100
ug,011011010100110111
ui,1010011101101
uj,10100111111110101
uk,00111111010001101
ul,101111011011100
um,1000000100011001
un,1100001110101
uo,0011111101000010
up,1100100110101001
ur,110010001111
us,110110011100
ut,0101100110110
uv,01100111100101
ux,00001011011111
uz,011011010100110101
v ,111110001001000010110
v!,111110001001010010010
va,110110011000100
vd,00111111011000000
ve,1000100000010
vi,10000001110110
vl,11111000100000100010
vo,011101001011
vr,010110000010101
vs,111110001001000011101
vu,101010000100010110
vе,111110001001001101000
wa,00000011000000000001
we,11000000000011000
wi,10001001110111011
wo,1010100001010011010
ws,111110001001001100100
x ,101111011011011
x!,111110001001011000101
"x,",10100111111110110
x.,110100111000101001
xa,01101101010001010
xc,01101101010000001
xe,111110001001100010100
xi,1010100001011001010
xo,111110001001001101011
xp,01101101010001000
xq,11111000100001100011
xt,1010100001001110101
y ,1101111001001001
"y,",1111100010000000111
ya,101010000100001000
ye,1000100111001111
yl,111110001001101011000
ym,01001010101111101010
yo,00010011111100111
yp,111110001001101000000
yr,111110001001010101001
ys,1111011011111111101
yt,11111000100001000011
y…,11111000100000101001
z ,0100101010100
"z,",1100100001110011
z.,1010100001011010110
z:,111110001001100100100
za,1010100001010110100
ze,101010000100000010
zi,11111000100010100111
zo,011011010110000100
zt,111110001001001001001
zu,00111111011001001
zw,1010100001010110111
z»,111110001000111101101
z…,1111011011111001001
"«,",111110001001000001000
«2,11111000100010001110
«3,111110001001010001001
«7,111110001001001010111
«9,111110001001000111101
«A,1111011011111011101
«B,111110001001000110000
«C,110100111000001010
«D,101010000100000110
«E,111110001001000111001
«I,11111000100011100010
«J,011011010110001110
«L,111101101110110111
«M,1010100001011000001
«O,111110001001001111000
«P,111110001001011001011
«Q,11111000100001100001
«S,11111000100001111101
«T,011011010110000001
«U,111110001001010001011
«V,101010000100100100
«W,00000011000000010001
«c,11111000100001000101
«d,111110001001000101011
«e,11111000100010001111
«i,111110001001100001111
«p,111110001001010100111
«А,0101100000111100
«Б,10100111111011100
«В,110000111111011
«Г,11010011001110100
«Д,010010101011001
«Е,11000000000011010
«З,10001001110110000
«И,1110101110001101
«К,1110101110001000
«Л,110100111000000010
«М,10001001110110110
«Н,00111110110101
«О,0100101010111111
«П,1000100111001000
«Р,1111011011111001000
«С,1000100111000110
«Т,1000000100010110
«У,11010011001110001
«Х,110100111000011100
«Ч,011101001010011
«Ш,11111000100001000000
«Э,10100111111100111
«Я,1000000100011111
«а,1010100001001110111
«б,1010100001010010011
«в,111101101111000100
«г,1010100001010011111
«д,01100111101101110
«е,1111011011111000111
«з,1111011011111100000
«и,1111011011111110111
«к,101010000100110011
«л,1111011011111010110
«м,110100111000010111
«н,11100011110110110
«о,1010100001011010100
«п,111101101111011000
«р,11111000100010000000
«с,110100111000110010
«т,1111011011111000001
«у,101010000100000100
«ч,1010100001001110011
«ш,111110001001100011110
«э,111110001001000100010
«я,1010100001010011011
»\r,100101011101000
» ,1101001011111
»!,110100111000011101
»),111110001001011101001
"»,",0111101110110
».,0110010011011
»;,011011010110001100
»?,110100111000100001
»…,110100111000100011
А ,1111101111011
А!,0001001110111010
"А,",1000100111010001
А.,011011010100101101
А?,1110001111001010
Аh,111110001001011110001
Аl,111110001001010101101
Аm,111110001001000011000
Аn,111110001001101000001
АС,111101101111000011
АЯ,101001111111111111
Аа,111110001001001011101
Ав,1111011010111011
Ад,11110110111000111
Аж,111110001001011101100
Аз,111110001001101111100
Ай,1010100001011011110
Ак,11111000100010101101
Ал,01111011101111
Ам,110100111000011010
Ан,1001100100
Ап,11000000000011101
Ар,010110000011011
Ас,111110001001000110101
Ат,1010100001001110100
Ау,101001111110000
Аф,111110001001010011001
Ах,11100111111100
А…,11111000100011110011
Б.,11111000100011001101
Ба,1010001011011
Бе,1100100001111
Би,111101101011000
Бл,1000000100001111
Бо,10110110010
Бр,010010101011101
Бу,00000011000001
Бы,011001111001111
В ,110010111011
В.,1111011011111101110
Вo,111110001001001001111
ВА,11111000100001101010
ВЕ,111110001001000011100
ВО,01001010101111101000
ВТ,10100111101001000001
Ва,010100000110
Вб,111110001001011001000
Вв,1010100001010101110
Вд,1101001100101100
Ве,001100110110
Вз,11100011110100111
Ви,11011011000001
Вл,11100011110110000
Вм,01000111110100011
Вн,101010000100100010
Во,001000101001
Вп,001111101110011
Вр,111101101110110011
Вс,1111010111101
Вт,011011010100111100
Вх,11111000100011000010
Вч,110100111000000111
Въ,1010100001001110001
Вы,1010110000110
Вя,1111011011111111100
Г',00111111011001010
Г.,1111011011111111001
Г`,111110001001100111101
Га,00111111010001111
Гв,011011010100101100
Гд,1001010111100111
Ге,010010101011010
Ги,111110001001100000100
Гл,100101011100011
Гм,101001111111110110
Го,1001001111111
Гр,0011111101101
Гу,1101001100110001
Г…,111110001001001010100
Д.,111110001001101000111
Да,101101111001
Дв,010111010011001
Дг,00000011000000011111
Де,011001001100
Ди,1010011111100111
Дл,1001010111011010
Дм,11100011101110
До,101001111011
Др,110100010111001
Ду,011101001000110
Ды,1010100001001111001
Дю,111101101111001010
Дя,0101100010100010
Дё,111110001001101010111
Е?,111110001001011000001
Еh,111110001001001100011
ЕР,1010100001011011101
ЕТ,1011000101011000110
Ев,0101100000111001
Ег,111001111111011
Ед,11010011001101100
Ее,10100111111101011
Еж,10010010000000
Ез,111110001001100010110
Ей,1110001111001111
Ек,00111111010010100
Ел,10001100010010001
Ем,110100101011001
Ер,10001001110110111
Ес,1100000000000111
Ех,1010100001010000101
Ещ,110010011010010
Жа,110100111000111001
Жд,11111000100011110001
Же,00000011000110
Жи,1001001000100111
Жо,1010100001001101100
Жу,1010100001001110110
Жю,110000111111100
Ж…,111110001001000001011
З ,111110001001101000011
За,0100011110011
Зв,111101101111000101
Зд,1111011010111010
Зе,101001111111110010
Зи,11111000100010100011
Зл,011011010110001111
Зн,1110101110001010
Зо,1111011011111100111
Зр,111110001001000111110
Зу,11111000100001110100
И ,111001111010
"И,",0011111101000011
ИР,111110001001001000111
Ив,101001111101100
Иг,00111111011001000
Ид,1000000100010011
Ие,1010100001001111000
Из,01111011101001
Ии,111110001001101010010
Ил,11001011100000
Им,1110001111010010
Ин,0011111011111001
Ио,1101001100110011
Ип,101110010001110
Ир,111110001001100101110
Ис,01000111110100001
Ит,111101101110101011
Их,1010100001010111001
Иш,111101101111001111
Ищ,111110001001011001001
И…,111110001001001110011
ЙН,111110001001000100100
Йо,111110001001010100101
К ,1111011011100001
Ка,110010001110
Ке,111110001001101101110
Ки,001111101110111
Кл,011011010100101001
Кн,110110011001
Ко,1101000101111
Кр,00111110110100
Кс,1010100001011000010
Кт,100000010000010
Ку,010111000101
Л.,111110001001010000001
Ла,00010011100110
Ле,1011001001100110
Ли,01110100100001
Ло,1111011010111100
Лу,10100111111101100
Лы,1100000000000011
Ль,1010100001011000000
Лю,1001010111100100
Ля,11111000100010101110
Лё,1010100001001111011
М ,11111000100000111010
М.,111110001001011110000
Мa,111110001001010101011
Мo,111110001001101111000
МИ,111110001001001001101
МН,111110001001000110111
Ма,00110011010
Мг,11111000100010101000
Ме,00001011011110
Ми,1111101111010
Мл,11111000100000101100
Мн,01011100011010
Мо,010001111011
Мр,111110001001100011000
Мс,111110001001011011110
Му,11100011110111010
Мы,101100100110000
Мю,0001001110111111
Мя,11111000100011110100
Н.,1010100001010101011
НА,111110001001010100001
НЕ,111110001001010000111
На,0101000010
Не,01100111010
Ни,110111110110
Но,100100111110
Нр,11111000100010000100
Ну,010100000101
Ны,11010011001110101
Ня,11111000100000010110
О ,1100000000000010
О!,111101101111010010
"О,",11100011110110111
О.,11111000100001001010
О?,111110001001011100111
ОЙ,111110001001001000011
ОР,11111000100001100010
Об,101011101001001
Ог,00111111011000100
Од,10010010000001
Ож,101010000100110010
Ок,0001001110111101
Ол,1100100110101111
Он,0110110110
Оо,11111000100000110101
Оп,1101101110101001
Ор,01100111101111110
Ос,100000010000100
От,0001001110010
Оф,1000100111000111
Ох,11100011110101001
Оч,101011101001101
Ош,111110001001011110010
ПЕ,11111000100010110110
ПЯ,00000011000000001011
Па,1001010110110
Пг,11111000100011011101
Пе,010011001010
Пи,1001010111100000
Пл,11100011110101101
По,00100010011
Пр,010111011011
Пу,1000100111000101
Пш,11111000100010000111
Пь,11100000010
Пя,11111000100011001111
Р\r,111110001001010110110
Рr,111110001001100110000
Рu,111110001001100111110
РА,11111000100010110001
РВ,11111000100001111010
РЕ,11111000100000011011
РТ,111110001001011011111
Ра,11011000000111
Ре,000100111010110
Ри,1011000101011000101
Ро,11000000111
Ру,000100011001100
Рю,111110001001101000101
Ря,1010100001010111011
С ,01100111100000
С',111110001001000010101
С.,11111000100010101111
Сo,00000011000000001111
СТ,111101101111001101
Са,101110010001101
Сб,00010011111100110001
Св,1011001001100101
Сд,101010000100011101
Се,01100011110011
Сз,111101101110101111
Си,1100100111100000
Ск,110010111010110
Сл,00110011011111
См,000000110000001
Сн,01101101010000101
Со,101111011001
Сп,11001001111111
Ср,110100111000110111
Ст,0000001111000
Су,1101001100101010
Сх,11111000100011010000
Сч,110100111000110100
Сы,111101101111001011
Сю,1010100001011000110
Т',111110001001000110001
Т.,111110001001100101101
ТА,11111000100000101011
ТВ,111110001000111101111
ТО,111110001001001001000
ТР,11111000100011101110
ТЬ,01100111101110111
Та,0111010000100
Тв,0011111101000000
Те,11100111000000
Ти,111001111111111
То,1000000111010
Тп,11111000100010101011
Тр,1100000000001000
Ту,11011000000011
Тщ,11111000100010110000
Ты,0100101010010
Ть,11111000100011011011
Тю,11111000100010101100
Тя,111110001001101111011
У ,111001111111110
У!,111110001001100110111
Уб,111101101111001001
Ув,1001010111100110
Уг,1010100001010101010
Уд,110100111000010101
Уе,11111000100010011110
Уж,100001010101110
Уз,110100111000000000
Уй,110100111000100110
Ул,0110011110110000
Ум,101001111111111001
Ун,00000011000000011000
Уп,1111011011110111110
Ур,1000000100011100
Ус,11110110111001100
Ут,1111011011111000101
Уу,111110001001000011111
Ух,11111000100011101001
Уч,111110001001001001011
Фе,110100010111000
Фи,111101101110100100
Фл,111110001000111110100
Фо,00111111011000111
Фр,110010011010001
Фу,011011010110000110
ХI,111110001001011011010
Ха,1111011011111011111
Хв,1111011011111111110
Хе,111110001001101111101
Хо,10010101110000
Хр,10001100010010100
Ху,011011010100101111
Ца,1111011011111001101
Цв,11111000100001010111
Це,11000000110100001
Цн,10001001110101100
ЧА,111101101111010111
ЧЕ,111110001001011100110
Ча,0001001111110000
Че,10001001001010
Чи,111101101111001000
Чо,111101101110111000
Чр,111110001001001010110
Чт,010111000111
Чу,10001100010010110
Чь,01001010101111101001
Ша,011011010100101000
Шв,110100111000111101
Ше,1110101110000101
Ши,1101001100101000
Шл,1111011011111101011
Шм,110100111000001001
Шо,1010100001011010111
Шп,11111000100011101010
Шт,01100111101111100
Шу,1111011011110111111
Шш,111110001001101001101
Ще,11111000100001100101
Ь ,111101101110111101
ЬЯ,11111000100000110111
Э!,110100111000110110
"Э,",1010100001011010000
Эг,00000011000000010010
Эд,11111000100010101010
Эй,11010011001101000
Эк,11000000000010100
Эл,11011000000010
Эн,11010011001101010
Эр,110100111000111110
Эс,110100111000001111
Эт,000000100011
Эх,00111111010001011
Эц,111110001001010001000
Юж,11111000100001000010
Юл,11111000100010011101
Юн,011011010100111101
Юр,111110001001000001100
Юс,11111000100010010101
Юх,11111000100001011100
Я\r,111101101111010000
Я ,01000111001
"Я,",101010000100001101
Я?,111101101110101000
ЯТ,111110001001001111011
Яв,00000011000000011001
Яд,11111000100001101000
Яз,111110001001001011011
Як,11111000100011000001
Яр,111110001001000110010
Яс,111110001001011000000
Яф,111110001001100011001
Я…,101001111111111100
а\r,11111000100001111011
а ,000001
а!,1101011100010
а',11111000100010111101
а),1101001100101001
"а,",110111111
а.,1011100101
а:,10100000011110
а;,11000011001101
а?,1010000001100
а],11100011110110100
аb,111110001001100010001
аi,111110001000111111000
аm,1010100001011010010
аs,00000011000000010110
аv,111110001001101001111
а»,100010011100001
аа,101001111111110100
аб,10101000011
ав,111110110
аг,0100110001
ад,010111111
ае,0001100101
аж,1001001001
аз,10000000
аи,0101110001100
ай,11110110100
ак,10010000
ал,1001101
ам,110110001
ан,01001011
ао,101001111111111101
ап,11010011101
ар,110100011
ас,01010010
ат,10111110
ау,10100010110101
аф,10110010000
ах,0011101100
ац,10010101111011
ач,11011011010
аш,1101101111
ащ,001111110101
аэ,111110001001001111100
аю,11101110000
ая,110010100
а“,111110001001010001110
а…,10111101010110
б ,100000011110
б',111110001001000110011
"б,",1101001100101111
б.,10001001110111101
б»,11111000100011000111
ба,0110001101
бб,0011111101000100
бв,10100111110010
бг,10001001110101011
бд,1101001100100011
бе,011001000
бж,00111111010010001
бз,11111000100011000110
би,11011011100
бк,100010000101
бл,0001100100
бм,111101101010100
бн,100100111010
бо,1111100101
бр,1010100000
бс,01010000010000
бт,01101101010000010
бу,1000100101
бх,01100111100011
бц,110100111000110011
бч,1101101110101101
бш,101010000100000000
бщ,1111010110110
бъ,11100011101001
бы,01011110
бь,101001111101011
бэ,111110001001101101111
бю,111101101111001110
бя,01100010101
бё,111110001001001110100
в ,11000101
в!,1010011111100110
в),101010000100011001
"в,",10100010011
в.,011011010111
в:,10010010001001101
в;,0001001111110001
в?,0101100010100110
в],11111000100000100011
в»,1010100001011001110
ва,11001101
вб,11110110111000100
вв,000000111101101
вг,000100111010011
вд,100100100011
ве,10000100
вж,111110001001001001110
вз,01111011111
ви,111001000
вк,1001001110111
вл,0101000000
вм,0111010010101
вн,1011001011
во,0011110
вп,010001110110
вр,10001000011
вс,111000110
вт,1111101111110
ву,11111010001
вх,00010011100111
вц,0001001111000000
вч,101011101001010
вш,1001010101
вщ,00111111010010101
въ,0110011110101111
вы,101101101
вь,1101111001000
вэ,111110001001100011011
вя,1100001111100
в…,110100111000000001
г ,10111001001
г!,110100111000111011
г',10000101010000
г),111110001001101100101
"г,",1000100001001
г.,00010001100101
г:,111110001001000100101
г;,111101101111011001
г?,01101101010001011
г`,1111011011111001110
г»,111110001001001101100
га,0101110011
гв,101111011011101
гд,0101110101
ге,00011011110
ги,11110100101
гк,11001011101000
гл,1111101001
гм,1010100001010001111
гн,100010000000
го,1001011
гр,1011010111
гс,110010111010100
гт,11111000100010111010
гу,11000011110
гч,001100000001010
гш,111101101110110110
г…,1111011011111011000
д ,0000101100
д!,11110110111001101
д',11111000100011001110
д),111110001001011001110
"д,",1010011110101
д.,01110000011001
д;,110100111000000100
д?,110100111000001011
д`,111110001000111111010
д»,111110001001100101100
да,01101100
дб,100101011101001
дв,0000001001
дг,110100111000000110
дд,010010101011011
де,10000011
дж,11100011110101000
дз,011011010100110001
ди,101100110
дк,1110111001000
дл,11011000001
дм,111000000110111
дн,000100010
до,00111010
дп,11000011001110
др,011100010
дс,101011110011
дт,011101000000
ду,000110011
дф,111101101110110100
дх,111101101010111
дц,1000111111000
дч,1100100110101010
дш,0101100110111
дщ,111110001001000010111
дъ,1111010110111
ды,11000000001
дь,00111110101
дэ,11111000100001101011
дю,10101010111011
дя,01000111010
д…,1010100001010000100
е ,000011
е!,11001000011101
е',11111000100000011100
е),1111011010111110
"е,",100010001
е.,0101100001
е:,111001110001011
е;,10000001111111
е?,1011011110001
е],10010010001001100
еm,1111011011111011010
еr,1010100001001111100
еt,11111000100000011111
е»,1111011011100000
еа,1101101110100101
еб,1010011100
ев,1101001101
ег,00110001
ед,101110000
ее,000100001
еж,0110011100
ез,1011011101
еи,1110001110110
ей,101111111
ек,0101100111
ел,11101111
ем,01100110
ен,0011100
ео,100100100001
еп,0011001110
ер,0001010
ес,01000100
ет,01001000
еу,10001001001011
еф,10001100010010111
ех,0111000000
ец,011101000001
еч,0110001100
еш,11101110001
ещ,10110010001
ею,110000111001
ея,00000010000
её,11111000100000010000
е…,01000111110101
ж ,1101001100010
ж!,1111011011110111011
"ж,",111000111011110
ж.,00111111010001010
ж?,10001001110110100
ж],111110001000111111101
жа,1100100100
жб,01001010101011
жг,1011001001100111
жд,11010111001
же,01001101
жж,1000000100011110
жи,1011110111
жк,11010010101000
жл,111101101110101001
жм,00111111010001110
жн,1001001011
жо,101011101001111
жр,111110001001011000100
жс,1110101110000011
жу,1110000001111
жч,01110000011000
жь,111011101111110
жэ,111110001001001000110
ж…,11111000100011010011
з ,1011000001
з!,111110001001011010010
"з,",10010010000011
з.,001111101110101
з:,111110001001011100010
з?,111110001001011000010
з],111110001000111111011
зa,101010000100101011
за,11001100
зб,1000100100011
зв,11100100100
зг,01001100100
зд,11100000110
зе,010110011010
зж,1110111010111
зз,10001001110110101
зи,110000111011
зк,1000100000101
зл,000100111000
зм,010111010010
зн,000000101
зо,01111011011
зр,1101100000000
зс,0101110110000
зт,11100011110111101
зу,100010011111
зц,101010000100101000
зч,1000000100011011
зш,01100111101111111
зъ,0011111011110101
зы,01110001101
зь,0011001111
зю,0000001100001
зя,10000010100
з…,11111000100010010100
и ,010101
и!,10010010000010
и',111110001001000001010
и),1101101110101100
"и,",100101001
и.,0010001011
и:,111000111100001
и;,01111011010100
и?,11011011000100
и],1111011011110111010
иc,111110001001011010101
иr,111110001001100111011
и»,1010011111100011
иа,10000101010001
иб,00010001111
ив,101110011
иг,01100010110
ид,000010101
ие,101010100
иж,110100101110
из,000100110
ии,10100010101
ий,1011111100
ик,001110111
ил,10101101
им,110110010
ин,111110101
ио,1111010111111
ип,1010111100100
ир,10100010010
ис,110110101
ит,00011010
иу,101001111010010001
иф,011001111001110
их,000010100
иц,1010100111
ич,1010101010
иш,110111100110
ищ,0111101101011
ию,101010101100
ия,1110000010
и“,11111000100001110000
и…,110010111010101
й\r,1010100001010001000
й ,11100110
й!,10111101101010
й(,00010011111100110111
й),01100111101110110
"й,",1101011101
й.,10011001010
й:,1001010111011110
й;,100001010101101
й?,100101011100110
й],00111111010010000
й»,11110110111000101
йб,1010100001010001001
йв,111110001001011110101
йд,1101001100001
йе,111101101110100110
йк,10010011111100
йл,1000111111001
йм,100101011100101
йн,110010011001
йо,11010010101100001
йр,001111101111001
йс,10000101011
йт,010111011010
йц,101100010101101
йч,10001001001100
йш,11001001100011
йщ,111110001001001000000
й…,100001010101011
к\r,111110001001001110000
к ,10000111
к!,1111011010111001
к',11111000100000100100
к),111110001001011000111
к*,111110001001010111110
"к,",00110000111
к.,0011111011000
к:,10001001110111000
к;,10100111111101001
к?,000100111011001
к],1010100001010110110
к»,1010100001010111101
ка,0100001
кв,001000100101
кг,11111000100010000011
кд,0011111011110111
ке,01011000100
кж,1011110110111100
кз,00111111011001101
ки,101011100
кк,0110011110101010
кл,111000001111
км,101010000100110100
кн,1111100011
ко,0111110
кр,1111100100
кс,11110101100111
кт,110111110000
ку,1010111101
кх,11111000100011101111
кц,10100111111100100
кч,0110011110110011
кш,101010000100010111
кю,11000000110100111
кё,11111000100010010110
к…,0011111011111101
л\r,111110001001010001111
л ,0001111
л!,000100111010100
л),10100111111011110
"л,",11110110110
л.,100001010011
л:,11010010101001
л;,1011110110111110
л?,101100010111010
л»,011011010110010001
ла,0100111
лб,1101111001001010
лв,10100111111101101
лг,1010110000111
лд,1111101111100
ле,01010001
лж,110111100101
лз,110100111000111111
ли,11101001
лк,10111101011
лл,11011110010011
лм,011011010100100010
лн,100000011100
ло,11101101
лп,11001011100001
лс,1100100010
лт,111101011001100
лу,1011010110
лф,111101101110111111
лч,000100011000
лш,10001001110101101
лщ,1010100001011011010
лы,1010001000
ль,00110010
лэ,111110001001000100111
лю,1000000110
ля,010001101
лё,011011010110011101
л“,111110001001011111111
л…,1111011010110010
м ,11010000
м!,000000110011010
м),1000100111010011
"м,",1110000000
м.,10001100001
м:,1010011111100101
м;,100100100010010
м?,111001110001000
м],1010100001010110011
мo,111110001001000000111
м»,11000000000010110
ма,101100111
мб,0001001111000001
мг,110110011000101
ме,110101111
мз,1010100001001111110
ми,111111001
мк,10100111110011
мл,11100000011000
мм,000100111011000
мн,1011000100
мо,00010010
мп,1101101110111
мр,111011101111101
мс,0101110110001
мт,10111001000111101
му,101011001
мф,11111000100000100101
мц,1110101110001011
мч,000100111010000
мш,011011010100110000
мщ,00111111010011101
мы,11001000000
мь,000100111010010
мэ,111110001001100100001
мю,1001010111100001
мя,00100010101
м“,111110001001011001010
м…,010110000010100
н ,00011000
н!,1100100110101000
"н,",11001000001
н.,101010101111
н:,011011010100111011
н;,0011111011110110
н?,1011100100011111
н],11111000100001000111
нa,111110001001000111010
нo,111110001001100000101
нy,111110001001001100111
н»,01000111110100010
на,1011101
нб,11010011001110110
нв,0011111011111000
нг,0101110111100
нд,1000100110
не,1000101
нж,1001010111100101
нз,1101001100100100
ни,0010000
нк,001111110111
нл,1111011011110111001
нм,11111000100011100100
нн,110100100
но,0111011
нп,110100111000010011
нр,00111110110111
нс,10000010101
нт,00111011011
ну,100110000
нф,0001001111000100
нх,11100011110111011
нц,01000111111
нч,010001111000
нш,010001111101001
нщ,0111000001010
ны,111010001
нь,1000111000
нэ,11111000100011010001
ню,1100000001110
ня,111110000
н…,11100111000001000
о ,100111
о!,1011110110100
о',1010100001001101101
о),1110001111001000
"о,",101011111
о.,0011001100
о:,01110000010111
о;,10011001011110
о?,1101101100101
о],110100111000111000
оn,111110001001100101001
оu,1111011011111101100
о»,100000010000101
оа,111110001001011101011
об,111111110
ов,0110111
ог,10100110
од,10001101
ое,100110011
ож,000010111
оз,0010001000
ои,11111100010
ой,01010011
ок,1111011001
ол,0001011
ом,10111100
он,11100001
оо,1010001011111
оп,1000111001
ор,11101010
ос,0001110
от,0000100
оу,01000111100100
оф,100010010000
ох,10110010010
оц,11100111000110
оч,1100101111
ош,1010111011
ощ,1010000001011
оэ,1110101110000100
ою,10101111000
оя,10110000000
о“,111110001001101010110
о…,10100111110100
п ,0110011110100111
п!,00000011000000011010
п',1111100010000000001
"п,",10001001110111010
п.,11000000000011110
пe,111110001001100001101
пo,11111000100010010000
па,0100110011
пг,111101101111000000
пе,100110001
пи,11100111110
пк,10000001111100
пл,10110000001
пн,01011000000110
по,0111001
пп,00000011000111
пр,11100010
пс,011011010110000111
пт,110100110001110
пу,11000011000
пф,11111000100001110110
пц,1010100001010100010
пч,1110101110000110
пш,01100111101111101
пщ,11111000100010011001
пы,000100111101
пь,100010010011101
пэ,11111000100001001101
пя,110110110011
р\r,01001010101111101011
р ,11101110011
р!,11110110111001011
р),111101101111001100
"р,",110101110000
р.,1010110000100
р:,011011010110010011
р;,10001001110110001
р?,110100111000010000
рa,1111011011111110011
рo,11111000100001011000
рr,011011010110011100
р»,1010100001010100111
ра,0111100
рб,1100100111110
рв,101000101110
рг,101101100000
рд,111101011010
ре,11100101
рж,110100111001
рз,111001111111010
ри,11000100
рк,010110000000
рл,10001100010011
рм,1100001111101
рн,11000000010
ро,11101100
рп,100010010011111
рр,1110101110001001
рс,010001111100
рт,10001111001
ру,110110100
рф,1011011110000100
рх,0001001111001
рц,01110000011011
рч,11001001111110
рш,010100000111
рщ,01100111100100
ры,1111010011
рь,0110001001
рэ,11111000100010110100
рю,1101001100000
ря,0101111100
р…,11100011110101010
с ,110111010
с!,10100111111101111
с',111110001001011111110
с),1010100001010010001
"с,",1101101100100
с.,11001001100000
с:,101010000100110000
с;,101010000100010000
с?,111101101111010110
с],111110001001001010011
сe,11111000100001111000
сh,011011010100100001
сo,111110001001001010101
с»,011011010110011001
са,1101100001
сб,111011101111111
св,010110010
сг,0110011110110110
сд,110000000110
се,110111101
сж,1011011110000101
сз,001111101110100
си,1110011101
ск,10100001
сл,101000001
см,0101110010
сн,11101110100
со,101100011
сп,000110110
ср,001100001101
сс,11010001010
ст,1100111
су,11011011011
сф,1000100111010000
сх,1101011100011
сц,1101101110100111
сч,111001111011
сш,10111101010100
съ,1101001100100101
сы,111001111001
сь,111110011
сэ,111110001001000000000
сю,0100110010110
ся,111010000
сё,11011101111
с…,01001010101111100
т ,111101000
т!,10100000011100
т',1010100001010101101
т),110100111000100010
"т,",11110101110
т.,011100000100
т:,1111011010110100
т;,001100000001000
т?,01110000011101
т],011011010100100111
тa,11111000100010100101
т»,0001001111000101
та,11011100
тб,001111101110110
тв,101010001
тг,111101101111010100
тд,1000000100100
те,10010001
тж,111110001001011010100
тз,01101101010001100
ти,111111111
тк,00011011100
тл,101010011000
тм,101001111101010
тн,0101100011
то,001101
тп,00111110111000
тр,110010110
тс,11110100100
тт,0100011100011
ту,1101001111
тф,10001001110111001
тх,0110011110101110
тц,1010011111000
тч,1101100000010
тш,1010100001001101111
тщ,1010011111100010
тъ,111000000110010
ты,1101110110
ть,11010110
тэ,101010000100011000
тю,01100011110000
тя,01100100101
тё,01101101010001101
т…,100001010100111
у ,10000110
у!,00001011011100
у',111110001001100000001
у),11010011001111010
"у,",1110010011
у.,11101110110
у:,111000111100000
у;,111011101111100
у?,100001010101001
у],11111000100011011100
у»,11110110111001001
уа,1011001001100011
уб,10010101100
ув,0011111000
уг,1011001010
уд,010001100
уе,1110010010100
уж,1011110100
уз,10110110001
уи,0101100010100111
уй,11011000000110
ук,0011111001
ул,1101000100
ум,1000000101
ун,011101001001
уо,11110110111001010
уп,10010010101
ур,10101100000
ус,1011011111
ут,1100001101
уу,11111000100011100001
уф,1000100111001010
ух,110100010110
уц,101010000100000001
уч,11100011100
уш,11111010000
ущ,001100001100
уэ,100000010000011
ую,0110110111
уя,01110000011100
у…,011110111010001
ф ,1001001110110
ф!,1010100001001110010
"ф,",10100000011101
ф.,1000000100010101
ф:,111110001001101110010
ф?,101001111111111000
фt,111110001000111110011
фа,1100000001111
фе,0000001100010
фи,10001100000
фк,110100111000110001
фл,01100011110010
фм,1010100001011000111
фн,00000011000000000010
фо,00110011011110
фр,101010111000
фс,00111111010011011
фт,10100111111110001
фу,10000101010010
фф,1111011011111100110
фы,11100111000001011
фь,11111000100001001111
фэ,111110001001000111111
фю,00000011000000011011
ф…,00010011111100110100
х\r,111110001001100110101
х ,101100001
х!,1101001100100111
х),110100111000101111
"х,",10010010100
х.,011011010101
х:,111101101111010101
х;,1101001100100110
х?,11000000110100100
х],111110001001011010110
х»,1111011011111101111
ха,0101111101
хв,1001001000101
хе,100001010101000
хи,1010111010000
хл,10111001000010
хм,00000011001001
хн,0111000001111
хо,100101000
хп,111110001001010011010
хр,10010101101110
хс,110100110001111
хт,0001001110111110
ху,0100011100010
хч,111110001001000100110
хш,1010100001010111100
хъ,11111000100001101110
х…,11000000110100101
ц ,1000000100111
ц!,01100111101110101
ц),111110001001000100011
"ц,",11111011111011
ц.,1010000001010101
ц;,11111000100010110010
ц?,1010100001010010100
ц],111110001001010101110
ц»,00000011000000010100
ца,10100111100
цв,1100000000000101
цг,0001001111000011
це,0011000001
ци,1101100110000
цк,1000010100100
цл,1010100001010011001
цн,011011010110000101
цо,111111000111
цу,111010111001
цы,1000100100100
ц…,011011010100100101
ч ,11110101111000
ч!,1010100001010011110
"ч,",01010000010001
ч.,11010011001110010
ч:,111110001000111111110
ч;,1111011011111011110
ч?,1010100001010101001
ч»,011011010100110110
ча,100001011
чв,101010000100101101
че,111010110
чи,1100101011
чк,011000111101
чл,111001110001010
чм,1010100001010011100
чн,01011101000
чо,01011000000100
чр,1010011111101010
чт,00100011
чу,11001000110
чш,11101110101000
чь,1110001110101
чэ,111110001001100000000
ч…,101001111111111010
ш ,11010010101101
ш!,1000000100010001
"ш,",0101110100110000
ш.,011011010100110100
ш?,111110001001011111000
ш],11111000100010110101
шa,11111000100000110011
шo,111110001001100111010
ша,1111101110
шв,01100111101110100
ше,100011001
ши,010010100
шк,01100111011
шл,01011001100
шм,11110110111010000
шн,111101011000
шо,110000000001
шп,111101101010110
шр,11111000100000101110
шс,00000011000000001010
шт,11011110011110
шу,111000111110
шц,1010100001010001101
шш,11111000100011000011
шь,110110011101
ш…,11111000100010010001
щ ,111101101111000110
"щ,",1010100001010000011
щ.,111110001001010110000
ща,111000111111
ще,1100000010
щи,11010010110
щн,1101101110101011
щр,11111000100011100011
щу,10110111100000
щь,1100100110101101
щэ,111110001000111110110
ъ ,111110001001001110111
ъе,000010110100
ъи,111110001001000000010
ъю,11111011111111
ъя,10111101010101
ъё,11111000100000111011
ы\r,11111000100010100010
ы ,111101010
ы!,100001010100110
ы),11001000011100101
"ы,",11011111001
ы.,101100010110
ы:,0001001110111001
ы;,1110001111001100
ы?,101011101001100
ы],00010011111100110000
ы»,11010011001101101
ыб,01100100111
ыв,1000001011
ыг,0001001111101
ыд,0000001111001
ые,0110110100
ыж,001100000000111
ыз,01000111100101
ыи,11100011110111001
ый,1101111000
ык,1101111101111
ыл,101010110
ым,1110101111
ын,101111010100
ыо,111110001001010101111
ып,0110110101101
ыр,100101011111
ыс,11011111010
ыт,10101110101
ыу,011011010110000011
ых,0111101100
ыц,1111011011111001011
ыч,0100101010011
ыш,10001111111
ыщ,11111000100011010110
ыя,111110001001010101100
ы…,1100100110101100
ь\r,111110001001101011111
ь ,0110000
ь!,0010001010001
ь),0110011110110101
"ь,",001111111
ь.,11010010100
ь:,110110111010001
ь;,00010011111101
ь?,1011100100000
ь],101010000100010100
ь»,1000000100011000
ьб,0101100010101
ьв,111101101110110101
ьг,110010111010011
ьд,110110110001010
ье,1010110001
ьз,1010011101100
ьи,0100011111011
ьк,1001010100
ьм,101101100001
ьн,0111000111
ьо,100001010101111
ьс,0011000010
ьт,10100111101000
ьф,011011010100111111
ьх,111110001001010001010
ьц,11100100101100
ьч,101100010111101
ьш,00000011101
ьщ,11000000000010101
ью,00000011100
ья,01111011110
ьё,111110001001101111010
ь“,111110001001001100001
ь…,01100111100110
э ,0110011110110001
э!,00000011000000000111
"э,",111110001001011011011
эг,110100111000001101
эд,1011000101011000111
эз,1011100100011110011
эй,111110001001001111101
эк,100101011100010
эл,1111011010110101
эм,110100111000110101
эн,1110101110001100
эп,111101101110110010
эр,1101101110101110
эс,101011101001011
эт,100000100
эш,111110001001101111110
ю\r,111110001001010010111
ю ,100100110
ю!,1100100111100010
ю),1111011011111000110
"ю,",11001001110
ю.,101010111001
ю:,0110011110110100
ю;,1101001100110010
ю?,1110001111001011
ю],1010100001010000110
ю»,10100111111100101
юа,111110001001000010001
юб,01100100100
юг,111110001001101000110
юд,110010111001
юе,11111000100010000110
юж,101001111111111011
юз,1101001100101011
юи,111110001001010011011
юк,1001010111011011
юл,01110000011010
юм,101000000111111
юн,111000111011111
юп,011011010110011000
юр,110110110001011
юс,1000100000110
ют,110000111000
юх,101001111111110011
юц,000000110010100
юч,00010001100111
юш,1001100101100
ющ,00011011111
юю,110010000111000
ю…,1010011111101000
я\r,111110001000111110000
я ,0111111
я!,10101110100010
я),11100011110111000
"я,",000100000
я.,11100111001
я:,010111011110110
я;,111001110001001
я?,11000000110110
я],11111000100000100111
я»,1101101110101010
яб,000100111010101
яв,011101000011
яг,1110011111100
яд,11011001111
яе,10010011111101
яж,01100011111
яз,1100100101
яи,0110011110101100
яй,100000010000001
як,11111011111010
ял,0100110000
ям,110111110001
ян,10110101011
яп,0101100010100011
яр,100101011100111
яс,0000001101
ят,1100101010
ях,1101001011110
яц,101111011011010
яч,1000100000111
яш,10100111111100011
ящ,1110011111101
яю,0000101101100
яя,1101101110110
я“,1010100001010000111
я…,101000101101000
ё ,10111111010
ё!,1010100001011000011
"ё,",10000001110111
ё.,01100111101111010
ё:,111110001000111101010
ё?,111110001001001011111
ё»,111110001001001100101
ёв,111110001001010010000
ёг,11111000100000101010
ёж,11111000100001011010
ёз,11111000100000110110
ёл,11111000100010000101
ём,1010100001010010101
ёр,10100111111011111
ё…,1111011011111011100
– ,11110111
–3,00010011111100110110
“ ,1111011011111000000
"“,",1111011011111111010
“.,111010111000111101
„.,111110001001000101000
„J,1010100001010000010
„a,111110001001100110010
„В,00000011000000001110
„П,1010100001010100101
„С,111110001001011010000
„Т,111110001001010010001
„Я,111110001001101110101
„в,111110001001100010011
„д,111110001001011111100
„н,111110001001011111011
„э,111110001001000011110
…\r,1111010111110
… ,10100000001
…',111110001001010110100
"…,",111110001001000111011
….,011011010110011011
…A,111110001001101001110
…],010010101011000
…»,1110001111001110
…К,111110001001101111111
…О,111110001001101001010
…П,111110001001101110110
…Т,111110001001101011001
…У,111110001001011101101
…д,11111000100010001100
…е,111110001001011010011
…з,111110001001101000010
…л,00000011000000010101
…н,11111000100011001010
…п,11111000100001001011
…р,111110001001001000010
…с,111110001001000110100
…т,111110001001011100101
…ч,111110001001001000100
